First Name,Last Name,Age,Nationality,Country of Residence,Degree,Graduation Year,GPA,Availability,Looking For
Joseph,Smith,26,Japan,China,Applied Maths,2024,8.8,16,Student Job
Daniel,Martinez,28,Spain,France,Biochemical Engineering,2027,9.94,12,Student Job
Casey,Rodriguez,19,Denmark,Norway,International Relations,2025,7.88,20,Internship
James,Rodriguez,31,Netherlands,Netherlands,Applied Maths,2025,6.62,11,Remote Work
Drew,Martin,19,Germany,Netherlands,Business Management,2027,7.69,5,Startup
Casey,Robinson,21,Australia,Netherlands,Computer Science,2024,7.72,17,Startup
William,Martinez,35,New Zealand,Brazil,Medicine,2025,8.43,12,Freelancing
Charles,Hall,25,India,Netherlands,Economics,2027,8.17,7,Thesis
David,Smith,18,Spain,New Zealand,Biochemical Engineering,2027,8.21,7,Thesis
David,Clark,21,Canada,Germany,Law,2028,8.43,8,Startup
Jamie,Hall,24,France,Belgium,Business Management and Data Science,2024,7.58,4,Startup
James,Harris,29,China,India,Applied Maths,2024,6.43,6,Volunteering
Thomas,Anderson,28,India,Spain,Data Science,2027,7.08,2,Thesis
Casey,Clark,29,China,Brazil,Computer Science,2026,9.59,19,Full-time Job
Jamie,White,34,Sweden,Spain,Business Management and Data Science,2025,8.53,3,Thesis
Joseph,Thomas,31,United Kingdom,Canada,Applied Maths,2025,8.92,11,Freelancing
Taylor,Rodriguez,19,France,Spain,Medicine,2027,6.63,19,Volunteering
Michael,Clark,20,France,Belgium,Law,2024,8.99,2,Remote Work
John,Martinez,30,Japan,United States,Data Science,2027,6.26,13,Freelancing
Alex,Clark,33,New Zealand,Sweden,Computer Science,2027,10.0,11,Remote Work
Joseph,Thomas,20,Brazil,Germany,Business Management and Data Science,2026,7.75,6,Internship
Alex,Hall,30,Netherlands,Norway,Economics,2027,7.95,17,Volunteering
Jamie,Smith,33,Sweden,France,International Relations,2028,7.87,12,Student Job
Charles,Taylor,18,France,Norway,Computer Science,2027,7.29,13,Student Job
Quinn,Johnson,17,Spain,United Kingdom,Data Science,2024,8.13,13,Internship
Jamie,Smith,22,South Korea,China,Biochemical Engineering,2027,7.52,3,Student Job
Thomas,Garcia,21,Brazil,Australia,Economics,2027,8.55,11,Student Job
Riley,Thompson,21,Spain,Belgium,Applied Maths,2025,7.74,16,Student Job
Michael,Anderson,27,Italy,United States,Law,2025,9.28,6,Student Job
Jamie,Lee,23,Norway,Spain,Business Management and Data Science,2026,8.45,7,Thesis
Jamie,Rodriguez,21,United Kingdom,India,Business Management and Data Science,2025,6.54,9,Project
Robert,Johnson,22,Japan,Australia,Business Management,2025,9.84,18,Part-time Job
Casey,Walker,26,Australia,Denmark,Data Science,2025,8.58,17,Freelancing
Robert,Garcia,29,South Korea,Sweden,Business Management and Data Science,2026,8.21,19,Startup
Robert,Harris,30,Sweden,France,Applied Maths,2028,6.5,4,Remote Work
Charles,Thompson,30,United Kingdom,Brazil,International Relations,2027,6.12,12,Freelancing
Charles,Jackson,27,Denmark,New Zealand,Computer Science,2026,8.12,5,Student Job
David,Martin,33,New Zealand,Canada,Business Management,2024,9.3,13,Thesis
Casey,Clark,34,New Zealand,Japan,Data Science,2027,8.72,17,Full-time Job
John,Lewis,34,Japan,China,Economics,2027,6.32,18,Freelancing
Robert,Clark,25,United States,Spain,Computer Science,2026,7.66,4,Remote Work
Cameron,Martin,33,United Kingdom,South Korea,Applied Maths,2024,7.0,13,Part-time Job
Jordan,Brown,27,Japan,South Korea,Applied Maths,2028,7.84,20,Internship
Drew,Johnson,17,China,Germany,Medicine,2025,9.06,20,Project
Quinn,Robinson,20,South Korea,United States,Applied Maths,2027,8.81,18,Project
James,Rodriguez,34,Norway,Brazil,Business Management and Data Science,2027,7.48,18,Project
Drew,Harris,21,Canada,United Kingdom,Business Management,2025,6.97,9,Full-time Job
Taylor,White,35,South Korea,India,International Relations,2025,6.04,20,Internship
Jamie,Brown,34,United Kingdom,Brazil,Computer Science,2026,6.71,11,Freelancing
Alex,Garcia,33,Brazil,India,Medicine,2025,8.96,3,Freelancing
Joseph,Johnson,34,United Kingdom,China,Economics,2027,7.43,11,Full-time Job
Jamie,Martinez,32,China,Switzerland,Economics,2027,9.97,15,Internship
Jordan,Lee,19,Netherlands,Brazil,Data Science,2027,7.66,19,Student Job
Thomas,Smith,22,Italy,Norway,Biochemical Engineering,2025,8.34,20,Startup
Thomas,Martinez,25,Netherlands,Spain,Economics,2027,9.02,6,Full-time Job
Alex,Smith,28,Italy,Denmark,Computer Science,2025,8.73,11,Thesis
Taylor,Jackson,24,India,Belgium,Biochemical Engineering,2024,6.42,2,Volunteering
Robert,Hall,22,China,Canada,Business Management,2025,8.08,8,Volunteering
Alex,Anderson,17,New Zealand,Canada,Applied Maths,2025,6.82,10,Project
Joseph,Martinez,26,Canada,United States,Business Management,2025,7.61,18,Part-time Job
Robert,Thompson,26,United Kingdom,Switzerland,International Relations,2028,7.85,14,Volunteering
William,Jackson,19,United Kingdom,France,International Relations,2024,6.65,13,Freelancing
Morgan,Garcia,18,United Kingdom,Denmark,Law,2024,8.93,2,Part-time Job
James,Thompson,19,Spain,Canada,Computer Science,2026,8.28,20,Startup
Jamie,Smith,26,Netherlands,Japan,Business Management and Data Science,2024,8.71,16,Part-time Job
David,Lewis,21,India,Germany,Law,2025,7.09,19,Startup
Jamie,Brown,17,Italy,Norway,Law,2028,7.5,18,Volunteering
James,Taylor,25,Spain,Brazil,Biochemical Engineering,2024,7.53,7,Internship
David,Lewis,25,Brazil,South Korea,Medicine,2027,8.38,2,Full-time Job
Casey,Martin,21,United Kingdom,New Zealand,Applied Maths,2024,7.81,11,Internship
Jordan,Rodriguez,27,India,Denmark,Biochemical Engineering,2026,9.89,9,Part-time Job
David,Hall,32,Brazil,Brazil,Business Management,2028,8.18,8,Student Job
William,Clark,21,South Korea,Norway,Medicine,2028,9.51,2,Part-time Job
Quinn,Thomas,17,France,Norway,Medicine,2028,9.65,5,Thesis
James,Johnson,30,United Kingdom,Japan,International Relations,2028,6.41,6,Internship
Drew,Brown,31,Spain,Italy,International Relations,2025,5.82,6,Project
Alex,Taylor,17,Canada,Australia,Applied Maths,2027,8.58,3,Freelancing
Daniel,Jackson,26,Norway,China,Biochemical Engineering,2025,6.78,9,Full-time Job
John,Lewis,32,Brazil,China,Biochemical Engineering,2028,7.09,2,Volunteering
Robert,Martin,30,Italy,Spain,Business Management,2028,7.08,10,Remote Work
Jamie,Walker,33,Japan,India,Data Science,2024,7.96,14,Internship
Drew,Harris,35,Belgium,Italy,Economics,2026,8.27,12,Project
Morgan,Martinez,19,Brazil,Germany,Medicine,2024,8.47,14,Student Job
Joseph,Johnson,28,Italy,Spain,Business Management,2027,7.85,3,Startup
Robert,Harris,27,Italy,Norway,Data Science,2028,5.63,3,Full-time Job
Cameron,Martinez,27,Belgium,Canada,Applied Maths,2025,8.15,5,Project
Cameron,Hall,21,Canada,Netherlands,Computer Science,2026,8.89,7,Volunteering
James,Johnson,20,Netherlands,Denmark,Business Management and Data Science,2025,9.26,16,Startup
Charles,Lewis,28,New Zealand,Brazil,Economics,2028,9.08,16,Internship
Casey,Lee,28,United Kingdom,China,Business Management,2024,7.49,6,Project
Drew,Martinez,19,Japan,Germany,Economics,2024,7.49,17,Startup
Alex,Brown,20,Norway,Switzerland,Law,2025,8.33,19,Remote Work
Charles,Smith,35,Italy,India,Medicine,2027,7.94,11,Part-time Job
Robert,Anderson,29,Italy,Belgium,Data Science,2027,8.11,9,Full-time Job
Daniel,Rodriguez,26,Spain,India,Law,2024,7.55,11,Student Job
Cameron,Harris,17,Sweden,Germany,Business Management,2024,9.39,9,Startup
Taylor,White,27,Brazil,China,International Relations,2025,7.71,10,Part-time Job
Riley,Martinez,25,Australia,China,Law,2028,8.48,20,Remote Work
Charles,White,34,Norway,Japan,Biochemical Engineering,2028,8.02,10,Freelancing
Cameron,White,18,Sweden,Italy,Biochemical Engineering,2026,8.34,5,Project
Joseph,Clark,32,Japan,Norway,Applied Maths,2028,7.54,20,Thesis
Charles,Smith,28,Netherlands,South Korea,Data Science,2028,5.89,6,Startup
Quinn,Garcia,32,Brazil,Australia,International Relations,2028,8.32,19,Thesis
Riley,Martin,32,United States,Netherlands,Computer Science,2026,7.9,4,Part-time Job
Jordan,Smith,25,Canada,United States,International Relations,2025,6.85,13,Volunteering
Joseph,Walker,22,New Zealand,United States,Applied Maths,2027,8.63,7,Thesis
Thomas,Lee,18,New Zealand,New Zealand,International Relations,2027,8.64,7,Startup
Taylor,White,25,France,United States,Computer Science,2025,10.0,5,Project
Charles,Thomas,18,Spain,Australia,International Relations,2028,7.26,5,Freelancing
Casey,White,30,Sweden,China,Law,2028,7.08,18,Student Job
John,Lewis,23,New Zealand,Switzerland,Data Science,2027,7.21,2,Project
Cameron,Clark,17,Japan,Italy,Computer Science,2028,5.24,15,Full-time Job
Riley,Brown,31,Spain,Sweden,Biochemical Engineering,2028,8.86,3,Internship
David,Garcia,34,Germany,Belgium,Data Science,2028,6.4,17,Startup
Alex,White,23,Switzerland,Japan,Biochemical Engineering,2025,8.67,18,Student Job
Morgan,Martin,21,United Kingdom,Switzerland,Business Management,2025,7.68,13,Freelancing
William,Garcia,34,Spain,France,Data Science,2028,7.07,19,Remote Work
Drew,Garcia,19,France,China,International Relations,2025,10.0,2,Remote Work
James,Hall,27,South Korea,China,Law,2025,6.86,18,Startup
Alex,Thomas,26,Netherlands,Brazil,Law,2025,7.49,10,Full-time Job
Michael,Lewis,26,Belgium,Netherlands,International Relations,2024,9.42,4,Startup
James,Smith,23,France,Germany,International Relations,2024,7.84,9,Internship
Robert,Lewis,19,Italy,Norway,Economics,2025,8.83,16,Part-time Job
Cameron,Harris,21,Italy,Italy,Medicine,2027,9.35,2,Startup
Robert,Thompson,24,China,Italy,Medicine,2027,9.15,16,Full-time Job
Robert,Martinez,28,Netherlands,Japan,Business Management and Data Science,2025,7.55,18,Remote Work
Joseph,Taylor,27,Switzerland,China,Applied Maths,2028,7.33,18,Remote Work
Robert,Martinez,22,Norway,Netherlands,Law,2024,9.64,16,Remote Work
Alex,White,23,South Korea,China,Applied Maths,2028,7.26,11,Student Job
Robert,Garcia,33,Switzerland,France,Economics,2026,9.15,16,Student Job
Taylor,Rodriguez,35,Spain,France,Economics,2027,9.09,19,Full-time Job
Joseph,Smith,17,United States,Spain,Medicine,2026,7.66,18,Thesis
Robert,Lewis,21,Italy,Sweden,Applied Maths,2026,7.4,3,Internship
Cameron,Brown,34,South Korea,Canada,Law,2026,6.44,6,Student Job
John,Garcia,31,India,Switzerland,Computer Science,2024,8.93,13,Volunteering
Thomas,Walker,20,India,Spain,Computer Science,2027,5.75,3,Startup
William,White,30,United States,United States,Law,2024,8.36,5,Full-time Job
Robert,Anderson,21,United States,Brazil,Business Management and Data Science,2025,9.54,5,Internship
Cameron,Thomas,20,Sweden,Denmark,Biochemical Engineering,2026,7.58,16,Remote Work
Thomas,Garcia,18,France,Italy,Business Management,2028,7.3,13,Remote Work
Quinn,Clark,24,Japan,China,Law,2027,7.6,19,Student Job
Charles,Thomas,23,Switzerland,France,Business Management and Data Science,2024,7.88,6,Thesis
Alex,Rodriguez,27,Germany,United Kingdom,Law,2025,7.72,7,Full-time Job
Cameron,Johnson,18,Sweden,Canada,Applied Maths,2028,8.12,7,Startup
William,White,27,Japan,Switzerland,Data Science,2024,7.98,3,Full-time Job
Jordan,Lewis,25,Denmark,Spain,Economics,2024,6.48,13,Remote Work
David,Smith,25,United Kingdom,Brazil,Biochemical Engineering,2025,6.82,5,Project
Taylor,Smith,29,India,Belgium,Law,2027,10.0,11,Full-time Job
Alex,Brown,33,United States,United Kingdom,Biochemical Engineering,2027,8.78,15,Startup
Taylor,Martin,23,China,New Zealand,International Relations,2026,6.28,4,Freelancing
Riley,Thomas,17,Brazil,New Zealand,Law,2026,8.11,6,Remote Work
Taylor,Smith,30,Italy,Belgium,Computer Science,2028,9.85,6,Student Job
Casey,Harris,26,New Zealand,Netherlands,Applied Maths,2025,9.1,5,Freelancing
Morgan,Rodriguez,22,United States,China,Business Management,2026,7.31,18,Remote Work
Robert,Taylor,31,South Korea,Netherlands,Business Management,2027,8.68,13,Startup
Quinn,Johnson,24,Denmark,Spain,Applied Maths,2024,9.81,5,Project
Alex,Clark,17,France,Brazil,International Relations,2028,7.04,20,Internship
John,White,17,Switzerland,Japan,Law,2024,6.82,19,Project
James,Harris,28,Canada,Spain,Law,2026,5.85,20,Internship
Alex,Clark,19,France,South Korea,Law,2024,8.23,5,Startup
John,Lewis,19,Italy,Japan,Data Science,2027,8.1,4,Student Job
Robert,Taylor,33,Belgium,Switzerland,Biochemical Engineering,2028,6.72,16,Project
Daniel,Anderson,30,Germany,Spain,Biochemical Engineering,2025,8.45,4,Internship
Drew,Smith,29,China,Spain,Computer Science,2025,8.08,4,Startup
Taylor,White,24,New Zealand,China,Law,2028,10.0,19,Thesis
Thomas,Walker,23,United States,India,Medicine,2024,7.65,4,Remote Work
Jamie,Anderson,17,India,United States,Economics,2027,8.4,4,Internship
Robert,Smith,17,Japan,Germany,Computer Science,2025,8.47,8,Student Job
David,Rodriguez,31,Norway,Italy,International Relations,2026,7.28,5,Part-time Job
Michael,Jackson,19,United States,Switzerland,Economics,2027,6.96,16,Project
Drew,Harris,30,Sweden,Sweden,Computer Science,2027,7.33,6,Thesis
Daniel,Hall,23,United States,Denmark,Economics,2024,8.77,3,Project
Casey,Martinez,29,Germany,United Kingdom,Business Management,2025,7.25,20,Volunteering
Charles,Garcia,32,Japan,United States,Law,2028,8.0,3,Freelancing
David,Jackson,28,Japan,South Korea,Biochemical Engineering,2024,7.89,16,Student Job
Charles,Hall,21,Belgium,United States,Business Management and Data Science,2024,7.7,12,Startup
John,Robinson,28,South Korea,France,Business Management and Data Science,2025,6.54,3,Freelancing
James,Robinson,25,Australia,Belgium,Economics,2027,6.69,4,Full-time Job
Thomas,Martin,32,Belgium,Germany,Economics,2027,8.15,9,Part-time Job
Jamie,Brown,27,Sweden,South Korea,Medicine,2025,9.03,14,Thesis
Casey,Brown,31,Sweden,France,Data Science,2027,8.19,14,Remote Work
Michael,Lee,21,United States,India,Law,2027,7.28,13,Internship
John,Brown,27,Brazil,Belgium,Business Management and Data Science,2027,8.97,17,Remote Work
Quinn,White,31,Denmark,United Kingdom,Economics,2028,7.91,2,Internship
John,Thomas,21,Germany,Denmark,Applied Maths,2025,7.02,13,Project
Drew,Hall,28,Switzerland,Switzerland,Data Science,2025,8.53,15,Startup
David,Smith,22,Canada,France,Business Management and Data Science,2026,9.96,4,Student Job
Michael,Lee,22,Japan,India,Data Science,2025,9.12,16,Thesis
James,Lee,35,Belgium,Switzerland,International Relations,2024,6.4,19,Startup
Taylor,Jackson,27,China,South Korea,Biochemical Engineering,2025,7.88,7,Project
Morgan,Anderson,33,New Zealand,France,Business Management and Data Science,2025,8.87,14,Full-time Job
Daniel,Martinez,29,China,China,Biochemical Engineering,2025,7.17,9,Part-time Job
Riley,Garcia,17,China,Switzerland,Medicine,2028,8.42,13,Thesis
Taylor,Smith,25,Brazil,France,Applied Maths,2027,8.62,20,Full-time Job
Riley,Martin,17,Belgium,Japan,Computer Science,2028,8.6,19,Volunteering
Taylor,Thomas,26,Netherlands,France,Biochemical Engineering,2028,7.96,3,Full-time Job
Thomas,Martin,35,Canada,Denmark,Data Science,2026,7.88,14,Startup
Joseph,Rodriguez,22,Netherlands,Sweden,Economics,2024,7.43,5,Thesis
Drew,Garcia,35,France,China,Biochemical Engineering,2027,6.61,18,Remote Work
David,Hall,32,New Zealand,Japan,Computer Science,2028,7.71,14,Project
Thomas,Clark,31,United Kingdom,Norway,Economics,2024,9.42,13,Full-time Job
Riley,Garcia,23,Australia,Belgium,Law,2027,6.76,7,Student Job
Jordan,Martinez,30,Sweden,Italy,Applied Maths,2027,6.58,17,Project
Charles,Thomas,30,Australia,United Kingdom,Business Management and Data Science,2025,7.37,5,Startup
John,Smith,35,United States,Denmark,Biochemical Engineering,2025,7.07,13,Thesis
Charles,White,30,Norway,Belgium,Applied Maths,2024,7.24,13,Full-time Job
Casey,Thompson,32,Germany,China,Economics,2027,7.84,10,Full-time Job
Jordan,Lee,33,Denmark,Australia,International Relations,2024,9.46,8,Full-time Job
Quinn,Thompson,21,Sweden,Canada,Applied Maths,2028,9.01,5,Internship
Joseph,Robinson,27,United Kingdom,Germany,Biochemical Engineering,2028,6.37,18,Internship
Joseph,Brown,21,India,France,Economics,2025,7.49,17,Full-time Job
Thomas,Martinez,31,India,United Kingdom,Business Management,2028,8.22,13,Volunteering
Charles,Jackson,35,Australia,Belgium,Data Science,2028,7.79,13,Freelancing
Joseph,Smith,19,Japan,Denmark,Law,2027,9.45,8,Thesis
William,Martin,35,China,Netherlands,Data Science,2026,8.16,2,Part-time Job
Jordan,Thompson,17,Sweden,United Kingdom,International Relations,2027,9.39,16,Full-time Job
Thomas,Taylor,23,United Kingdom,United States,Law,2026,9.63,6,Freelancing
Casey,Thompson,22,Norway,Denmark,Economics,2027,8.81,11,Full-time Job
Charles,Rodriguez,27,Norway,Germany,International Relations,2025,10.0,20,Thesis
Jamie,Taylor,21,Norway,India,Business Management and Data Science,2028,6.95,12,Student Job
Daniel,Robinson,26,Netherlands,Denmark,Economics,2025,7.73,12,Student Job
Joseph,Taylor,24,Brazil,Brazil,Biochemical Engineering,2028,8.27,8,Student Job
William,Garcia,21,Switzerland,Switzerland,International Relations,2025,8.69,17,Student Job
Jamie,Thomas,29,Germany,Switzerland,Biochemical Engineering,2026,6.48,15,Part-time Job
Cameron,Taylor,30,United States,China,Business Management,2025,9.15,15,Remote Work
Jamie,Thomas,27,Japan,Sweden,Medicine,2025,7.16,10,Startup
Riley,Brown,29,India,Italy,Business Management and Data Science,2025,7.36,19,Freelancing
Joseph,White,29,Denmark,New Zealand,Business Management and Data Science,2027,8.8,18,Project
Thomas,Garcia,19,Norway,Japan,Economics,2028,7.39,5,Freelancing
Drew,Lee,28,Norway,Norway,Computer Science,2028,8.27,16,Freelancing
John,Garcia,21,Denmark,Canada,Law,2024,8.21,2,Project
Michael,Harris,34,Netherlands,United States,Computer Science,2028,7.2,9,Student Job
John,Brown,30,South Korea,Denmark,Business Management and Data Science,2024,7.06,19,Student Job
Casey,Johnson,32,India,Sweden,Computer Science,2026,7.77,20,Freelancing
Daniel,Robinson,35,Sweden,India,Law,2025,9.95,18,Volunteering
Taylor,Harris,31,Italy,Norway,Data Science,2027,9.38,4,Freelancing
Quinn,Martin,34,Germany,Japan,International Relations,2028,9.32,6,Student Job
Taylor,Walker,17,United Kingdom,United States,Data Science,2026,7.73,20,Internship
Riley,Jackson,31,Japan,Sweden,Medicine,2028,8.69,7,Internship
Taylor,White,29,United Kingdom,New Zealand,Economics,2026,6.26,11,Volunteering
William,Thomas,19,United States,Brazil,Computer Science,2027,7.43,12,Internship
Taylor,Clark,17,United States,India,Biochemical Engineering,2028,8.07,11,Volunteering
Morgan,Smith,25,Japan,Belgium,Law,2028,9.66,6,Remote Work
Joseph,Martinez,23,Netherlands,Netherlands,Data Science,2027,8.24,20,Remote Work
Joseph,Walker,29,Sweden,Brazil,Medicine,2024,6.72,4,Internship
Thomas,Lee,26,Netherlands,Norway,Applied Maths,2027,8.26,20,Student Job
Joseph,Robinson,35,United Kingdom,Denmark,International Relations,2028,6.56,20,Internship
Robert,Taylor,30,Brazil,Italy,International Relations,2028,8.15,17,Internship
Drew,Clark,29,France,United States,Computer Science,2028,7.3,15,Freelancing
Drew,Johnson,19,Italy,Sweden,Law,2025,7.9,16,Volunteering
Morgan,Brown,25,Japan,Sweden,International Relations,2027,7.08,13,Thesis
Daniel,Johnson,24,Netherlands,South Korea,Law,2025,8.08,7,Thesis
David,Robinson,34,Australia,Italy,Economics,2025,7.95,6,Internship
David,Thompson,22,United States,Denmark,Computer Science,2026,7.06,17,Student Job
Casey,Clark,22,Canada,Japan,Medicine,2024,8.1,9,Volunteering
Riley,Martinez,18,Belgium,Australia,International Relations,2024,8.52,3,Freelancing
Quinn,Robinson,29,India,Denmark,Biochemical Engineering,2024,8.37,16,Full-time Job
William,Lewis,25,Canada,Switzerland,Law,2027,8.78,11,Remote Work
Joseph,Smith,34,Germany,United Kingdom,International Relations,2024,7.58,15,Internship
Quinn,Hall,32,Netherlands,Belgium,Applied Maths,2026,6.64,12,Thesis
Alex,Hall,18,China,Belgium,Applied Maths,2028,9.22,5,Full-time Job
Casey,Clark,28,New Zealand,Italy,Business Management and Data Science,2026,7.57,15,Remote Work
Joseph,Smith,27,Germany,New Zealand,Applied Maths,2026,7.79,18,Thesis
James,Thompson,20,New Zealand,Germany,Biochemical Engineering,2027,6.7,13,Student Job
William,Clark,32,Brazil,Spain,Data Science,2028,6.36,17,Student Job
Joseph,Martinez,25,New Zealand,Switzerland,Medicine,2025,8.02,8,Thesis
David,Hall,22,Denmark,Spain,Computer Science,2027,7.73,14,Internship
Cameron,Garcia,19,France,Australia,Law,2027,5.88,3,Full-time Job
Quinn,White,31,United States,United States,Medicine,2024,7.45,15,Remote Work
Michael,Garcia,23,Brazil,United States,Medicine,2027,8.71,13,Full-time Job
Taylor,Robinson,28,New Zealand,Italy,Business Management,2027,8.49,2,Freelancing
James,Taylor,21,Norway,Australia,Medicine,2026,7.15,12,Student Job
Drew,Lewis,24,Japan,Canada,Law,2024,8.68,9,Full-time Job
Joseph,Brown,27,New Zealand,Brazil,Applied Maths,2027,9.06,3,Thesis
William,Johnson,24,Italy,Denmark,Business Management and Data Science,2028,6.27,17,Part-time Job
Quinn,Robinson,34,United Kingdom,Brazil,Business Management,2028,7.08,17,Freelancing
Morgan,Anderson,19,Switzerland,South Korea,Biochemical Engineering,2024,8.62,19,Freelancing
John,Anderson,28,Canada,New Zealand,Biochemical Engineering,2025,8.98,6,Student Job
Joseph,Lewis,30,Denmark,Switzerland,Economics,2024,8.09,12,Thesis
Casey,Garcia,35,Italy,United Kingdom,Business Management,2027,9.69,4,Project
Alex,Rodriguez,23,Switzerland,Spain,Law,2027,7.79,12,Volunteering
David,Taylor,18,China,Spain,Biochemical Engineering,2028,7.4,19,Part-time Job
James,Smith,22,New Zealand,South Korea,Business Management and Data Science,2025,5.77,20,Volunteering
Casey,Taylor,21,Denmark,Germany,Law,2026,7.56,4,Freelancing
Jamie,Anderson,33,Italy,United Kingdom,Business Management and Data Science,2027,8.02,6,Project
Casey,Lee,32,Denmark,China,Applied Maths,2027,7.15,4,Volunteering
Casey,Anderson,28,France,Brazil,Law,2025,7.93,7,Volunteering
James,Harris,22,Japan,United Kingdom,Biochemical Engineering,2026,7.76,5,Freelancing
William,Anderson,20,Denmark,India,Economics,2028,7.48,16,Internship
Robert,Garcia,19,South Korea,New Zealand,Computer Science,2026,9.08,19,Internship
Joseph,Smith,22,Spain,Sweden,Economics,2026,8.57,11,Thesis
Taylor,Rodriguez,28,Netherlands,New Zealand,Computer Science,2027,9.21,16,Project
Robert,Harris,26,South Korea,Canada,Economics,2028,7.75,7,Volunteering
Alex,Smith,32,Italy,Denmark,Medicine,2025,7.7,20,Internship
David,Lewis,23,France,China,Applied Maths,2028,7.46,2,Volunteering
William,Johnson,19,Germany,Spain,Computer Science,2027,8.87,7,Freelancing
Jordan,Lee,25,Germany,India,Business Management,2028,6.96,17,Internship
David,White,20,United Kingdom,New Zealand,Computer Science,2024,6.59,13,Full-time Job
Charles,Anderson,18,United Kingdom,South Korea,Business Management,2028,7.68,6,Startup
Daniel,Anderson,19,Sweden,Italy,Business Management and Data Science,2025,6.8,17,Startup
Alex,Walker,21,United States,United Kingdom,Biochemical Engineering,2027,9.45,16,Part-time Job
James,Martin,34,France,Netherlands,Data Science,2024,7.59,3,Student Job
Jamie,Robinson,31,Denmark,Norway,International Relations,2025,8.31,8,Remote Work
Riley,Martin,31,Sweden,Japan,Economics,2025,7.29,15,Student Job
Casey,Harris,28,United Kingdom,Norway,Biochemical Engineering,2028,7.5,8,Internship
Michael,Taylor,18,Netherlands,Italy,Data Science,2026,8.65,17,Internship
Jamie,Thomas,21,France,Germany,Medicine,2028,8.62,19,Volunteering
John,Clark,35,Japan,United States,Business Management and Data Science,2026,9.6,10,Thesis
Charles,Thomas,18,Switzerland,Sweden,Applied Maths,2025,7.43,14,Student Job
Taylor,Harris,24,Brazil,Norway,Economics,2024,8.28,10,Thesis
Thomas,Harris,29,Switzerland,Norway,Applied Maths,2028,7.46,5,Full-time Job
Cameron,Walker,17,Japan,Germany,Biochemical Engineering,2025,8.24,13,Full-time Job
Drew,Lewis,31,France,India,International Relations,2027,7.63,6,Project
Michael,Rodriguez,31,Belgium,United Kingdom,Data Science,2024,8.51,17,Remote Work
Thomas,Brown,33,United States,Norway,Economics,2027,5.56,11,Full-time Job
Alex,Smith,28,Norway,United Kingdom,Computer Science,2025,8.4,8,Startup
Alex,Harris,17,Switzerland,Japan,Business Management and Data Science,2028,8.48,11,Part-time Job
Casey,Martin,20,Japan,France,Medicine,2025,6.46,15,Part-time Job
Riley,White,31,Italy,Belgium,Medicine,2028,8.44,20,Student Job
Robert,Rodriguez,18,Sweden,Spain,Applied Maths,2024,8.22,10,Freelancing
Morgan,Hall,21,Belgium,United Kingdom,International Relations,2028,8.56,18,Startup
Alex,Johnson,24,Brazil,Netherlands,Economics,2024,6.41,3,Remote Work
Riley,Anderson,33,United Kingdom,France,Economics,2028,8.55,19,Internship
Taylor,Walker,22,Switzerland,New Zealand,Law,2024,7.48,19,Remote Work
Drew,Clark,27,Australia,Norway,Business Management,2024,6.64,2,Thesis
Taylor,Brown,18,Switzerland,Japan,Law,2026,8.25,18,Startup
Morgan,Johnson,30,Spain,France,Economics,2027,9.7,5,Full-time Job
Jordan,Lee,34,Spain,India,Business Management,2025,7.53,8,Remote Work
Michael,Hall,30,Belgium,Canada,International Relations,2028,8.46,12,Thesis
Alex,Lewis,23,Japan,China,Law,2025,8.41,9,Freelancing
James,Taylor,22,Canada,China,Economics,2028,6.7,8,Part-time Job
Daniel,Lee,35,Sweden,Germany,Economics,2028,8.63,5,Freelancing
John,Rodriguez,19,New Zealand,Germany,Law,2028,7.69,6,Thesis
Michael,Lee,35,Spain,Australia,Business Management,2028,10.0,4,Thesis
Jordan,Taylor,17,Sweden,China,Data Science,2027,7.38,7,Full-time Job
Casey,Hall,21,South Korea,Netherlands,Business Management,2024,8.21,13,Student Job
William,Thomas,28,New Zealand,France,Data Science,2025,8.27,2,Startup
Jamie,White,29,Netherlands,Brazil,Data Science,2026,8.61,10,Freelancing
Cameron,Harris,30,South Korea,France,Economics,2028,8.55,12,Project
Charles,Harris,24,Italy,Australia,Business Management,2025,7.43,12,Remote Work
John,Martin,25,Denmark,Australia,Business Management and Data Science,2027,8.69,19,Full-time Job
Riley,Clark,23,Belgium,Belgium,Computer Science,2028,7.21,19,Remote Work
Charles,Anderson,25,China,Italy,Business Management,2028,8.68,17,Freelancing
Jordan,Clark,23,France,Norway,Computer Science,2025,7.11,14,Freelancing
Charles,Martin,25,Italy,France,Data Science,2027,7.66,3,Freelancing
James,Smith,23,Spain,Belgium,Biochemical Engineering,2026,7.34,17,Volunteering
Thomas,Martin,34,New Zealand,South Korea,Law,2025,8.96,8,Part-time Job
Charles,Johnson,19,Italy,Japan,Computer Science,2026,9.09,13,Internship
Drew,Lee,35,Norway,Switzerland,Biochemical Engineering,2028,7.68,2,Student Job
Michael,Harris,24,Canada,Denmark,Biochemical Engineering,2025,7.88,2,Student Job
Charles,Smith,33,Japan,Netherlands,Computer Science,2024,10.0,5,Remote Work
Alex,Lewis,24,Brazil,Germany,Medicine,2025,7.69,17,Freelancing
Jamie,Garcia,27,Canada,Canada,International Relations,2028,9.03,13,Thesis
James,Thomas,34,South Korea,Brazil,Business Management,2026,7.7,17,Part-time Job
Jordan,Hall,17,Belgium,Netherlands,Business Management and Data Science,2028,6.98,6,Project
Joseph,Garcia,31,Spain,South Korea,Computer Science,2025,8.21,6,Internship
Riley,Clark,35,United States,New Zealand,Economics,2026,7.1,4,Internship
Thomas,Rodriguez,25,Italy,India,Computer Science,2028,8.79,18,Freelancing
William,Lee,20,Denmark,New Zealand,Computer Science,2027,6.03,3,Startup
Charles,Martin,32,Switzerland,Italy,Medicine,2024,4.9,2,Thesis
William,Johnson,19,Italy,India,Business Management,2027,6.96,10,Remote Work
Drew,Lewis,34,Canada,Brazil,International Relations,2028,7.7,16,Volunteering
Morgan,Clark,35,Italy,Australia,Business Management and Data Science,2026,8.74,2,Thesis
Jamie,Lewis,23,New Zealand,Australia,Law,2026,8.37,5,Startup
Casey,Lewis,22,United Kingdom,United States,Law,2027,5.59,4,Part-time Job
Michael,Taylor,31,Canada,Sweden,Biochemical Engineering,2028,8.57,3,Project
Daniel,Brown,19,Switzerland,New Zealand,Biochemical Engineering,2027,6.67,18,Freelancing
Quinn,Lee,18,Germany,China,Applied Maths,2026,8.7,11,Student Job
Thomas,Johnson,27,Switzerland,United States,Biochemical Engineering,2025,7.6,16,Thesis
Charles,White,23,United Kingdom,Denmark,Medicine,2025,8.14,10,Volunteering
Charles,Lee,35,Australia,India,Data Science,2026,8.17,10,Student Job
James,Martin,19,United Kingdom,Sweden,Law,2026,7.43,20,Part-time Job
Jamie,Harris,24,Denmark,Netherlands,Law,2028,6.59,4,Part-time Job
Thomas,Jackson,19,Italy,South Korea,Data Science,2024,6.9,17,Startup
Cameron,Harris,32,New Zealand,Australia,Data Science,2028,8.29,2,Internship
James,Lewis,28,Belgium,Belgium,Business Management,2025,7.13,5,Freelancing
Jamie,Taylor,19,India,United States,Business Management,2025,7.75,11,Thesis
Drew,Lewis,29,Italy,Australia,International Relations,2025,7.03,5,Student Job
Morgan,Taylor,28,Australia,United Kingdom,International Relations,2027,8.23,4,Remote Work
Taylor,Martinez,30,Japan,Sweden,Computer Science,2025,9.23,8,Volunteering
Charles,Brown,22,United States,United Kingdom,Computer Science,2026,7.48,10,Internship
Daniel,Hall,32,India,Denmark,Economics,2025,8.62,6,Thesis
Drew,Rodriguez,31,China,United States,International Relations,2024,8.33,18,Part-time Job
Jamie,Walker,17,United Kingdom,Japan,Biochemical Engineering,2026,8.62,9,Full-time Job
Quinn,Hall,17,Canada,Norway,International Relations,2024,7.11,19,Project
Taylor,Robinson,28,Belgium,Italy,Data Science,2024,8.36,19,Full-time Job
Charles,Robinson,19,Japan,India,Data Science,2024,7.87,19,Internship
David,White,20,New Zealand,United Kingdom,International Relations,2026,8.23,4,Remote Work
Drew,Garcia,24,Australia,Australia,Biochemical Engineering,2026,8.59,7,Internship
Jordan,Taylor,23,Spain,Switzerland,Computer Science,2028,7.46,9,Remote Work
Michael,Walker,23,Brazil,Germany,Applied Maths,2024,9.24,3,Student Job
Charles,Rodriguez,19,China,Sweden,Economics,2025,8.23,16,Thesis
Taylor,Brown,24,Australia,Japan,Law,2026,7.75,6,Internship
Jamie,Robinson,33,United Kingdom,China,Medicine,2027,7.83,17,Remote Work
Drew,Harris,32,Germany,Netherlands,Applied Maths,2028,7.16,11,Thesis
Alex,Martinez,33,Netherlands,Spain,Biochemical Engineering,2024,8.6,13,Thesis
Michael,Robinson,34,United Kingdom,Japan,Economics,2026,8.28,14,Internship
Cameron,Walker,22,India,South Korea,Economics,2025,9.27,13,Internship
Quinn,Thomas,18,Brazil,Germany,Business Management and Data Science,2024,9.92,13,Remote Work
James,Johnson,22,Denmark,Brazil,Business Management and Data Science,2024,10.0,7,Startup
Quinn,Walker,24,Denmark,France,Economics,2025,6.66,10,Thesis
Morgan,Thomas,22,Sweden,India,Economics,2025,6.66,8,Student Job
Robert,Rodriguez,17,South Korea,United Kingdom,Medicine,2026,8.84,18,Thesis
John,Lewis,20,Brazil,India,Computer Science,2024,7.77,8,Startup
Morgan,Brown,32,Australia,China,Data Science,2025,7.51,16,Remote Work
Cameron,Thomas,30,Italy,Brazil,Law,2024,5.35,19,Startup
William,Taylor,35,Germany,Japan,Applied Maths,2028,8.73,7,Freelancing
Joseph,Thompson,32,India,China,Law,2025,8.47,16,Remote Work
Quinn,White,33,Canada,Sweden,Applied Maths,2028,6.94,15,Remote Work
Thomas,Thomas,28,Denmark,Australia,Business Management and Data Science,2024,7.78,15,Startup
Cameron,Rodriguez,18,India,Switzerland,Biochemical Engineering,2026,9.48,6,Freelancing
Cameron,Walker,29,China,China,Biochemical Engineering,2024,5.71,16,Thesis
Joseph,Lee,35,Netherlands,China,Data Science,2027,8.97,6,Thesis
John,Taylor,22,New Zealand,India,Medicine,2028,8.63,17,Remote Work
Joseph,Jackson,18,Italy,Canada,International Relations,2027,7.41,3,Freelancing
Quinn,Rodriguez,27,Denmark,New Zealand,Business Management,2026,8.17,7,Remote Work
Taylor,Jackson,19,Norway,United States,Data Science,2024,8.9,7,Project
David,Jackson,34,Belgium,Canada,Business Management,2027,7.23,12,Full-time Job
John,Martinez,30,Norway,South Korea,Business Management,2027,8.07,11,Student Job
Charles,Clark,30,New Zealand,Denmark,International Relations,2026,7.34,20,Student Job
David,Taylor,29,Germany,Netherlands,Medicine,2028,7.38,13,Part-time Job
Morgan,Anderson,23,Italy,Japan,Applied Maths,2026,8.53,2,Thesis
Drew,Johnson,22,Belgium,Netherlands,Computer Science,2025,7.49,19,Thesis
David,Brown,35,United States,India,Biochemical Engineering,2025,9.95,4,Remote Work
Jamie,Martinez,33,Japan,Italy,Economics,2026,8.34,2,Internship
Morgan,Harris,24,Denmark,Japan,Applied Maths,2027,7.46,15,Remote Work
John,Rodriguez,21,Netherlands,Italy,Law,2024,7.72,7,Project
Jamie,White,31,Netherlands,New Zealand,International Relations,2024,9.27,19,Project
John,Clark,27,Belgium,Switzerland,Computer Science,2026,4.96,3,Startup
Cameron,Johnson,29,Spain,Netherlands,Data Science,2026,7.6,8,Full-time Job
David,Clark,22,Australia,South Korea,International Relations,2028,6.69,9,Startup
Quinn,Brown,22,Sweden,Switzerland,Law,2027,8.94,19,Part-time Job
Thomas,Taylor,31,United States,China,Data Science,2024,7.14,15,Internship
Drew,Lewis,34,South Korea,Sweden,Business Management,2025,8.48,8,Full-time Job
Casey,Anderson,32,South Korea,France,Biochemical Engineering,2024,7.02,17,Volunteering
Joseph,Robinson,23,Brazil,Switzerland,Business Management and Data Science,2025,7.93,19,Internship
Drew,Rodriguez,25,South Korea,Brazil,Law,2024,8.59,18,Thesis
William,White,27,Sweden,Belgium,Medicine,2024,8.25,8,Project
James,Rodriguez,20,Sweden,Japan,Data Science,2025,8.63,13,Freelancing
Jamie,Lewis,34,Canada,South Korea,Business Management and Data Science,2024,7.2,19,Project
Riley,White,33,Netherlands,Denmark,Economics,2028,7.36,15,Part-time Job
John,Robinson,23,Italy,Italy,Business Management,2024,7.87,20,Project
John,Clark,19,Norway,Japan,Data Science,2025,8.8,7,Remote Work
Charles,Thomas,28,Italy,India,Business Management and Data Science,2026,7.57,19,Freelancing
James,Walker,29,Germany,Germany,Medicine,2028,8.83,11,Freelancing
James,Thompson,34,Norway,Denmark,Computer Science,2026,9.18,13,Student Job
Drew,Anderson,27,Spain,India,Economics,2028,9.55,13,Part-time Job
Quinn,Jackson,29,Germany,Netherlands,Medicine,2027,8.79,17,Internship
James,Walker,23,Norway,Australia,Business Management and Data Science,2027,6.18,19,Remote Work
Jamie,Anderson,23,Brazil,Germany,Biochemical Engineering,2025,8.3,17,Internship
Joseph,Garcia,18,United States,Brazil,Law,2025,9.13,15,Project
Joseph,Johnson,30,Switzerland,Germany,Law,2026,8.57,20,Internship
Morgan,Thompson,35,France,Canada,Biochemical Engineering,2026,7.59,9,Remote Work
Taylor,Lewis,28,Netherlands,New Zealand,Data Science,2025,8.37,17,Part-time Job
Michael,Jackson,27,Italy,Netherlands,Applied Maths,2026,8.1,11,Full-time Job
Robert,Johnson,31,Spain,Netherlands,Medicine,2026,9.21,10,Part-time Job
David,Rodriguez,24,Belgium,France,Business Management and Data Science,2024,8.95,16,Internship
Jamie,Garcia,24,United Kingdom,Brazil,Biochemical Engineering,2024,9.36,13,Project
Michael,Robinson,34,Netherlands,China,Business Management,2027,7.66,6,Remote Work
James,Anderson,17,Switzerland,Sweden,Computer Science,2027,7.05,10,Part-time Job
Quinn,Clark,28,Netherlands,France,Medicine,2028,7.96,4,Project
Michael,Johnson,25,Italy,Switzerland,Business Management,2025,6.26,7,Volunteering
Michael,Lee,29,Belgium,Brazil,Business Management,2025,7.89,9,Full-time Job
Morgan,Rodriguez,26,Germany,Sweden,Applied Maths,2024,6.86,17,Thesis
Charles,Clark,27,Spain,Norway,Data Science,2024,8.73,16,Project
Casey,Walker,32,Belgium,United Kingdom,Computer Science,2026,6.84,3,Part-time Job
David,Smith,26,Germany,Germany,Computer Science,2026,6.96,14,Startup
Michael,Anderson,21,Norway,Spain,Data Science,2024,6.73,20,Student Job
Charles,White,21,Norway,Spain,Economics,2024,7.79,18,Freelancing
James,Rodriguez,32,Spain,Spain,Business Management and Data Science,2027,9.22,19,Project
Michael,Rodriguez,21,Brazil,United Kingdom,Biochemical Engineering,2026,6.53,5,Freelancing
John,Lewis,21,Netherlands,New Zealand,Applied Maths,2027,8.48,17,Volunteering
Daniel,Brown,30,Canada,Italy,Computer Science,2025,7.56,2,Thesis
John,Garcia,20,Norway,New Zealand,Applied Maths,2025,7.89,20,Full-time Job
Riley,Martinez,33,Canada,Brazil,Medicine,2026,7.42,9,Full-time Job
Quinn,Lee,24,Australia,Sweden,Data Science,2025,8.08,13,Internship
Cameron,Johnson,27,Norway,Belgium,Law,2025,6.48,4,Full-time Job
Morgan,Clark,27,Spain,Australia,Computer Science,2025,9.89,15,Student Job
Quinn,Walker,30,India,Canada,Law,2025,8.41,16,Student Job
Riley,Lee,29,Denmark,Denmark,International Relations,2027,7.63,8,Remote Work
John,Garcia,22,India,Norway,Medicine,2025,7.92,3,Freelancing
Drew,White,30,Spain,Spain,Law,2025,9.76,11,Full-time Job
Joseph,Harris,27,New Zealand,United Kingdom,Business Management,2026,8.62,18,Thesis
Casey,Martinez,23,Belgium,Norway,Computer Science,2027,7.64,18,Thesis
Jordan,Thompson,35,New Zealand,Canada,Medicine,2028,6.33,15,Full-time Job
Michael,Brown,22,India,Italy,Medicine,2027,7.92,18,Startup
Cameron,Taylor,20,Italy,South Korea,Biochemical Engineering,2025,7.47,16,Volunteering
Casey,Harris,32,Germany,Denmark,Business Management,2027,9.05,18,Full-time Job
David,Smith,19,Canada,Spain,Data Science,2025,9.15,16,Student Job
David,Jackson,19,Germany,Australia,Biochemical Engineering,2028,7.71,5,Freelancing
John,Johnson,25,China,Italy,Law,2024,7.94,20,Volunteering
Alex,White,29,Spain,Italy,Biochemical Engineering,2025,8.66,17,Student Job
Jordan,Martinez,17,United States,Japan,Business Management,2024,8.61,6,Full-time Job
Daniel,Harris,31,Germany,New Zealand,Business Management and Data Science,2027,5.72,9,Student Job
Casey,White,18,China,China,Biochemical Engineering,2027,8.17,4,Freelancing
John,Thomas,27,United States,United Kingdom,Computer Science,2027,9.17,10,Volunteering
Michael,Lee,26,Netherlands,Norway,Economics,2026,6.82,15,Full-time Job
Morgan,Brown,30,Norway,Denmark,International Relations,2024,8.97,8,Part-time Job
Joseph,Jackson,23,United Kingdom,United Kingdom,Medicine,2026,8.78,12,Thesis
William,Jackson,31,United Kingdom,France,Law,2025,9.5,3,Internship
